<metadata xml:lang="en"><Esri><CreaDate>20170402</CreaDate><CreaTime>01300900</CreaTime><ArcGISFormat>1.0</ArcGISFormat><SyncOnce>FALSE</SyncOnce><DataProperties><lineage><Process Date="20170402" Time="004935" ToolSource="c:\program files (x86)\arcgis\desktop10.4\ArcToolbox\Toolboxes\Data Management Tools.tbx\ConvertCoordinateNotation">ConvertCoordinateNotation C:\BatchJobs\Publish_Files\addrapn\Scratch.gdb\ADDRAPN_ALL_UNIQUE C:\BatchJobs\Publish_Files\ADDRAPN\Scratch.gdb\ADDRAPN_ALL_USNG # # SHAPE USNG # "PROJCS['NAD_1983_StatePlane_California_VI_FIPS_0406_Feet',GEOGCS['GCS_North_American_1983',DATUM['D_North_American_1983',SPHEROID['GRS_1980',6378137.0,298.257222101]],PRIMEM['Greenwich',0.0],UNIT['Degree',0.0174532925199433]],PROJECTION['Lambert_Conformal_Conic'],PARAMETER['False_Easting',6561666.666666666],PARAMETER['False_Northing',1640416.666666667],PARAMETER['Central_Meridian',-116.25],PARAMETER['Standard_Parallel_1',32.78333333333333],PARAMETER['Standard_Parallel_2',33.88333333333333],PARAMETER['Latitude_Of_Origin',32.16666666666666],UNIT['Foot_US',0.3048006096012192]];-118608900 -91259500 3048.00609601219;0 1;0 1;3.28083333333333E-03;2;2;IsHighPrecision" GEOGCS['GCS_WGS_1984',DATUM['D_WGS_1984',SPHEROID['WGS_1984',6378137.0,298.257223563]],PRIMEM['Greenwich',0.0],UNIT['Degree',0.0174532925199433]]</Process><Process Date="20170402" Time="005205" ToolSource="c:\program files (x86)\arcgis\desktop10.4\ArcToolbox\Toolboxes\Data Management Tools.tbx\Copy">Copy C:\BatchJobs\Publish_Files\addrapn\Scratch.gdb\ADDRAPN_ALL_USNG C:\Data\Publish\Staging.gdb\ADDRAPN FeatureClass</Process><Process Date="20170402" Time="013010" ToolSource="c:\program files (x86)\arcgis\desktop10.4\ArcToolbox\Toolboxes\Data Management Tools.tbx\Copy">Copy C:\Data\Publish\Staging.gdb\ADDRAPN "Database Connections\sangis@publ.sde\SANGIS.ADDRAPN" FeatureClass</Process><Process Date="20170402" Time="013013" ToolSource="c:\program files (x86)\arcgis\desktop10.4\ArcToolbox\Toolboxes\Data Management Tools.tbx\AddIndex">AddIndex "Database Connections\sangis@publ.sde\SANGIS.ADDRAPN" ADDRNMBR ADDRAPNADDRNMBR NON_UNIQUE NON_ASCENDING</Process><Process Date="20170402" Time="013014" ToolSource="c:\program files (x86)\arcgis\desktop10.4\ArcToolbox\Toolboxes\Data Management Tools.tbx\AddIndex">AddIndex "Database Connections\sangis@publ.sde\SANGIS.ADDRAPN" ADDRFRAC ADDRAPNADDRFRAC NON_UNIQUE NON_ASCENDING</Process><Process Date="20170402" Time="013015" ToolSource="c:\program files (x86)\arcgis\desktop10.4\ArcToolbox\Toolboxes\Data Management Tools.tbx\AddIndex">AddIndex "Database Connections\sangis@publ.sde\SANGIS.ADDRAPN" ADDRPDIR ADDRAPNADDRPDIR NON_UNIQUE NON_ASCENDING</Process><Process Date="20170402" Time="013017" ToolSource="c:\program files (x86)\arcgis\desktop10.4\ArcToolbox\Toolboxes\Data Management Tools.tbx\AddIndex">AddIndex "Database Connections\sangis@publ.sde\SANGIS.ADDRAPN" ADDRNAME ADDRAPNADDRNAME NON_UNIQUE NON_ASCENDING</Process><Process Date="20170402" Time="013019" ToolSource="c:\program files (x86)\arcgis\desktop10.4\ArcToolbox\Toolboxes\Data Management Tools.tbx\AddIndex">AddIndex "Database Connections\sangis@publ.sde\SANGIS.ADDRAPN" ADDRPOSTD ADDRAPNADDRPOSTD NON_UNIQUE NON_ASCENDING</Process><Process Date="20170402" Time="013021" ToolSource="c:\program files (x86)\arcgis\desktop10.4\ArcToolbox\Toolboxes\Data Management Tools.tbx\AddIndex">AddIndex "Database Connections\sangis@publ.sde\SANGIS.ADDRAPN" ADDRSFX ADDRAPNADDRSFX NON_UNIQUE NON_ASCENDING</Process><Process Date="20170402" Time="013022" ToolSource="c:\program files (x86)\arcgis\desktop10.4\ArcToolbox\Toolboxes\Data Management Tools.tbx\AddIndex">AddIndex "Database Connections\sangis@publ.sde\SANGIS.ADDRAPN" ADDRUNIT ADDRAPNADDRUNIT NON_UNIQUE NON_ASCENDING</Process><Process Date="20170402" Time="013024" ToolSource="c:\program files (x86)\arcgis\desktop10.4\ArcToolbox\Toolboxes\Data Management Tools.tbx\AddIndex">AddIndex "Database Connections\sangis@publ.sde\SANGIS.ADDRAPN" ADDRJUR ADDRAPNADDRJUR NON_UNIQUE NON_ASCENDING</Process><Process Date="20170402" Time="013026" ToolSource="c:\program files (x86)\arcgis\desktop10.4\ArcToolbox\Toolboxes\Data Management Tools.tbx\AddIndex">AddIndex "Database Connections\sangis@publ.sde\SANGIS.ADDRAPN" ADDRZIP ADDRAPNADDRZIP NON_UNIQUE NON_ASCENDING</Process><Process Date="20170402" Time="013028" ToolSource="c:\program files (x86)\arcgis\desktop10.4\ArcToolbox\Toolboxes\Data Management Tools.tbx\AddIndex">AddIndex "Database Connections\sangis@publ.sde\SANGIS.ADDRAPN" ROADSEGID ADDRAPNROADSEGID NON_UNIQUE NON_ASCENDING</Process><Process Date="20170402" Time="013030" ToolSource="c:\program files (x86)\arcgis\desktop10.4\ArcToolbox\Toolboxes\Data Management Tools.tbx\AddIndex">AddIndex "Database Connections\sangis@publ.sde\SANGIS.ADDRAPN" APN ADDRAPNAPN NON_UNIQUE NON_ASCENDING</Process><Process Date="20170402" Time="013032" ToolSource="c:\program files (x86)\arcgis\desktop10.4\ArcToolbox\Toolboxes\Data Management Tools.tbx\AddIndex">AddIndex "Database Connections\sangis@publ.sde\SANGIS.ADDRAPN" ASOURCE ADDRAPNASOURCE NON_UNIQUE NON_ASCENDING</Process><Process Date="20170402" Time="013034" ToolSource="c:\program files (x86)\arcgis\desktop10.4\ArcToolbox\Toolboxes\Data Management Tools.tbx\AddIndex">AddIndex "Database Connections\sangis@publ.sde\SANGIS.ADDRAPN" X_COORD ADDRAPNX_COORD NON_UNIQUE NON_ASCENDING</Process><Process Date="20170402" Time="013036" ToolSource="c:\program files (x86)\arcgis\desktop10.4\ArcToolbox\Toolboxes\Data Management Tools.tbx\AddIndex">AddIndex "Database Connections\sangis@publ.sde\SANGIS.ADDRAPN" Y_COORD ADDRAPNY_COORD NON_UNIQUE NON_ASCENDING</Process><Process Date="20170402" Time="013038" ToolSource="c:\program files (x86)\arcgis\desktop10.4\ArcToolbox\Toolboxes\Data Management Tools.tbx\AddIndex">AddIndex "Database Connections\sangis@publ.sde\SANGIS.ADDRAPN" STATE ADDRAPNSTATE NON_UNIQUE NON_ASCENDING</Process><Process Date="20170402" Time="013039" ToolSource="c:\program files (x86)\arcgis\desktop10.4\ArcToolbox\Toolboxes\Data Management Tools.tbx\AddIndex">AddIndex "Database Connections\sangis@publ.sde\SANGIS.ADDRAPN" PLACEMENT_LOCATION ADDRAPNPLACEMENT_LOCATION NON_UNIQUE NON_ASCENDING</Process><Process Date="20170402" Time="013042" ToolSource="c:\program files (x86)\arcgis\desktop10.4\ArcToolbox\Toolboxes\Data Management Tools.tbx\AddIndex">AddIndex "Database Connections\sangis@publ.sde\SANGIS.ADDRAPN" COMMUNITY ADDRAPNCOMMUNITY NON_UNIQUE NON_ASCENDING</Process><Process Date="20170402" Time="013044" ToolSource="c:\program files (x86)\arcgis\desktop10.4\ArcToolbox\Toolboxes\Data Management Tools.tbx\AddIndex">AddIndex "Database Connections\sangis@publ.sde\SANGIS.ADDRAPN" ADDRESS_TYPE ADDRAPNADDRESS_TYPE NON_UNIQUE NON_ASCENDING</Process><Process Date="20170402" Time="013045" ToolSource="c:\program files (x86)\arcgis\desktop10.4\ArcToolbox\Toolboxes\Data Management Tools.tbx\AddIndex">AddIndex "Database Connections\sangis@publ.sde\SANGIS.ADDRAPN" PARCELID ADDRAPNPARCELID NON_UNIQUE NON_ASCENDING</Process><Process Date="20170402" Time="013054" ToolSource="c:\program files (x86)\arcgis\desktop10.4\ArcToolbox\Toolboxes\Data Management Tools.tbx\AddIndex">AddIndex "Database Connections\sangis@publ.sde\SANGIS.ADDRAPN" USNG ADDRAPNUSNG NON_UNIQUE NON_ASCENDING</Process><Process Date="20170402" Time="013205" ToolSource="c:\program files (x86)\arcgis\desktop10.4\ArcToolbox\Toolboxes\Data Management Tools.tbx\AddSpatialIndex">AddSpatialIndex "Database Connections\sangis@publ.sde\SANGIS.ADDRAPN" 560 0 0</Process><Process Date="20170402" Time="013205" ToolSource="c:\program files (x86)\arcgis\desktop10.4\ArcToolbox\Toolboxes\Data Management Tools.tbx\ChangePrivileges">ChangePrivileges 'Database Connections\sangis@publ.sde\SANGIS.ADDRAPN' SANGIS1 GRANT #</Process><Process Date="20170403" Time="082825" ToolSource="c:\program files (x86)\arcgis\desktop10.4\ArcToolbox\Toolboxes\Conversion Tools.tbx\FeatureClassToFeatureClass">FeatureClassToFeatureClass \\gaskill\SanGIS_apps\DIVA\DIVA_Exports\PUBLIC_Process\PUBS@Reception@default.sde\SANGIS.ADDRAPN \\gaskill\data\DIVA_Data\PUBLIC_Data\Shapefiles_04-03-2017\ ADDRESS_APN.shp # "ADDRNMBR "NUMBER" true true false 8 Double 8 38 ,First,#,\\gaskill\SanGIS_apps\DIVA\DIVA_Exports\PUBLIC_Process\PUBS@Reception@default.sde\SANGIS.ADDRAPN,ADDRNMBR,-1,-1;ADDRFRAC "FRACTION" true true false 3 Text 0 0 ,First,#,\\gaskill\SanGIS_apps\DIVA\DIVA_Exports\PUBLIC_Process\PUBS@Reception@default.sde\SANGIS.ADDRAPN,ADDRFRAC,-1,-1;ADDRPDIR "PREDIRECTION" true true false 2 Text 0 0 ,First,#,\\gaskill\SanGIS_apps\DIVA\DIVA_Exports\PUBLIC_Process\PUBS@Reception@default.sde\SANGIS.ADDRAPN,ADDRPDIR,-1,-1;ADDRNAME "NAME" true true false 30 Text 0 0 ,First,#,\\gaskill\SanGIS_apps\DIVA\DIVA_Exports\PUBLIC_Process\PUBS@Reception@default.sde\SANGIS.ADDRAPN,ADDRNAME,-1,-1;ADDRPOSTD "POST_DIRECTION" true true false 2 Text 0 0 ,First,#,\\gaskill\SanGIS_apps\DIVA\DIVA_Exports\PUBLIC_Process\PUBS@Reception@default.sde\SANGIS.ADDRAPN,ADDRPOSTD,-1,-1;ADDRSFX "SUFFIX" true true false 4 Text 0 0 ,First,#,\\gaskill\SanGIS_apps\DIVA\DIVA_Exports\PUBLIC_Process\PUBS@Reception@default.sde\SANGIS.ADDRAPN,ADDRSFX,-1,-1;ADDRUNIT "UNIT" true true false 8 Text 0 0 ,First,#,\\gaskill\SanGIS_apps\DIVA\DIVA_Exports\PUBLIC_Process\PUBS@Reception@default.sde\SANGIS.ADDRAPN,ADDRUNIT,-1,-1;ADDRJUR "JURISDICTION" true true false 2 Text 0 0 ,First,#,\\gaskill\SanGIS_apps\DIVA\DIVA_Exports\PUBLIC_Process\PUBS@Reception@default.sde\SANGIS.ADDRAPN,ADDRJUR,-1,-1;ADDRZIP "ZIP" true true false 5 Text 0 0 ,First,#,\\gaskill\SanGIS_apps\DIVA\DIVA_Exports\PUBLIC_Process\PUBS@Reception@default.sde\SANGIS.ADDRAPN,ADDRZIP,-1,-1;ROADSEGID "ROADSEGID" true true false 4 Long 0 10 ,First,#,\\gaskill\SanGIS_apps\DIVA\DIVA_Exports\PUBLIC_Process\PUBS@Reception@default.sde\SANGIS.ADDRAPN,ROADSEGID,-1,-1;APN "APN" true true false 10 Text 0 0 ,First,#,\\gaskill\SanGIS_apps\DIVA\DIVA_Exports\PUBLIC_Process\PUBS@Reception@default.sde\SANGIS.ADDRAPN,APN,-1,-1;ASOURCE "ASOURCE" true true false 1 Text 0 0 ,First,#,\\gaskill\SanGIS_apps\DIVA\DIVA_Exports\PUBLIC_Process\PUBS@Reception@default.sde\SANGIS.ADDRAPN,ASOURCE,-1,-1;X_COORD "X_COORD" true true false 8 Double 8 38 ,First,#,\\gaskill\SanGIS_apps\DIVA\DIVA_Exports\PUBLIC_Process\PUBS@Reception@default.sde\SANGIS.ADDRAPN,X_COORD,-1,-1;Y_COORD "Y_COORD" true true false 8 Double 8 38 ,First,#,\\gaskill\SanGIS_apps\DIVA\DIVA_Exports\PUBLIC_Process\PUBS@Reception@default.sde\SANGIS.ADDRAPN,Y_COORD,-1,-1;STATE "STATE" true false false 2 Text 0 0 ,First,#,\\gaskill\SanGIS_apps\DIVA\DIVA_Exports\PUBLIC_Process\PUBS@Reception@default.sde\SANGIS.ADDRAPN,STATE,-1,-1;PLACEMENT_ "PLACEMENT_" true true false 1 Text 0 0 ,First,#,\\gaskill\SanGIS_apps\DIVA\DIVA_Exports\PUBLIC_Process\PUBS@Reception@default.sde\SANGIS.ADDRAPN,PLACEMENT_LOCATION,-1,-1;COMMUNITY "POSTAL_COMMUNITY" true true false 20 Text 0 0 ,First,#,\\gaskill\SanGIS_apps\DIVA\DIVA_Exports\PUBLIC_Process\PUBS@Reception@default.sde\SANGIS.ADDRAPN,COMMUNITY,-1,-1;ADDRESS_TY "ADDRESS_TY" true true false 1 Text 0 0 ,First,#,\\gaskill\SanGIS_apps\DIVA\DIVA_Exports\PUBLIC_Process\PUBS@Reception@default.sde\SANGIS.ADDRAPN,ADDRESS_TYPE,-1,-1;PARCELID "PARCELID" true true false 4 Long 0 10 ,First,#,\\gaskill\SanGIS_apps\DIVA\DIVA_Exports\PUBLIC_Process\PUBS@Reception@default.sde\SANGIS.ADDRAPN,PARCELID,-1,-1;USNG "USNG" true true false 255 Text 0 0 ,First,#,\\gaskill\SanGIS_apps\DIVA\DIVA_Exports\PUBLIC_Process\PUBS@Reception@default.sde\SANGIS.ADDRAPN,USNG,-1,-1" #</Process><Process Date="20170403" Time="083128" ToolSource="c:\program files (x86)\arcgis\desktop10.4\ArcToolbox\Toolboxes\Data Management Tools.tbx\RepairGeometry">RepairGeometry \\gaskill\data\DIVA_Data\PUBLIC_Data\Shapefiles_04-03-2017\\ADDRESS_APN.shp DELETE_NULL</Process></lineage><itemProps><itemLocation><linkage Sync="TRUE">file://\\gaskill\data\DIVA_Data\PUBLIC_Data\Shapefiles_04-03-2017\ADDRESS_APN.shp</linkage><protocol Sync="TRUE">Local Area Network</protocol></itemLocation><itemName Sync="TRUE">ADDRESS_APN</itemName><nativeExtBox><westBL Sync="TRUE">6152307.000053</westBL><eastBL Sync="TRUE">6613087.990891</eastBL><southBL Sync="TRUE">1775442.363798</southBL><northBL Sync="TRUE">2129332.531345</northBL><exTypeCode Sync="TRUE">1</exTypeCode></nativeExtBox><itemSize Sync="TRUE">30.710</itemSize><imsContentType Sync="TRUE">002</imsContentType></itemProps><coordRef><type Sync="TRUE">Projected</type><geogcsn Sync="TRUE">GCS_North_American_1983</geogcsn><csUnits Sync="TRUE">Linear Unit: Foot_US (0.304801)</csUnits><projcsn Sync="TRUE">NAD_1983_StatePlane_California_VI_FIPS_0406_Feet</projcsn><peXml Sync="TRUE">&lt;ProjectedCoordinateSystem xsi:type='typens:ProjectedCoordinateSystem' xmlns:xsi='http://www.w3.org/2001/XMLSchema-instance' xmlns:xs='http://www.w3.org/2001/XMLSchema' xmlns:typens='http://www.esri.com/schemas/ArcGIS/10.4'&gt;&lt;WKT&gt;PROJCS[&amp;quot;NAD_1983_StatePlane_California_VI_FIPS_0406_Feet&amp;quot;,GEOGCS[&amp;quot;GCS_North_American_1983&amp;quot;,DATUM[&amp;quot;D_North_American_1983&amp;quot;,SPHEROID[&amp;quot;GRS_1980&amp;quot;,6378137.0,298.257222101]],PRIMEM[&amp;quot;Greenwich&amp;quot;,0.0],UNIT[&amp;quot;Degree&amp;quot;,0.0174532925199433]],PROJECTION[&amp;quot;Lambert_Conformal_Conic&amp;quot;],PARAMETER[&amp;quot;False_Easting&amp;quot;,6561666.666666666],PARAMETER[&amp;quot;False_Northing&amp;quot;,1640416.666666667],PARAMETER[&amp;quot;Central_Meridian&amp;quot;,-116.25],PARAMETER[&amp;quot;Standard_Parallel_1&amp;quot;,32.78333333333333],PARAMETER[&amp;quot;Standard_Parallel_2&amp;quot;,33.88333333333333],PARAMETER[&amp;quot;Latitude_Of_Origin&amp;quot;,32.16666666666666],UNIT[&amp;quot;Foot_US&amp;quot;,0.3048006096012192],AUTHORITY[&amp;quot;EPSG&amp;quot;,2230]]&lt;/WKT&gt;&lt;XOrigin&gt;-118608900&lt;/XOrigin&gt;&lt;YOrigin&gt;-91259500&lt;/YOrigin&gt;&lt;XYScale&gt;35979706.307677768&lt;/XYScale&gt;&lt;ZOrigin&gt;-100000&lt;/ZOrigin&gt;&lt;ZScale&gt;10000&lt;/ZScale&gt;&lt;MOrigin&gt;-100000&lt;/MOrigin&gt;&lt;MScale&gt;10000&lt;/MScale&gt;&lt;XYTolerance&gt;0.0032808333333333331&lt;/XYTolerance&gt;&lt;ZTolerance&gt;0.001&lt;/ZTolerance&gt;&lt;MTolerance&gt;0.001&lt;/MTolerance&gt;&lt;HighPrecision&gt;true&lt;/HighPrecision&gt;&lt;WKID&gt;102646&lt;/WKID&gt;&lt;LatestWKID&gt;2230&lt;/LatestWKID&gt;&lt;/ProjectedCoordinateSystem&gt;</peXml></coordRef></DataProperties><SyncDate>20170403</SyncDate><SyncTime>08333200</SyncTime><ModDate>20170403</ModDate><ModTime>08333200</ModTime><scaleRange><minScale>150000000</minScale><maxScale>5000</maxScale></scaleRange></Esri><mdLang><languageCode value="eng" /><countryCode Sync="TRUE" value="USA" /></mdLang><mdChar><CharSetCd value="004" /></mdChar><mdHrLv><ScopeCd value="005" /></mdHrLv><mdStanName>ArcGIS Metadata</mdStanName><mdStanVer>1.0</mdStanVer><distInfo><distributor><distorCont><rpOrgName>SanGIS</rpOrgName><rpCntInfo><cntPhone><voiceNum>(858) 874-7000</voiceNum><faxNum>(858) 874-7002</faxNum></cntPhone><cntAddress addressType="both"><delPoint>5510 Overland Ave., Suite 230</delPoint><city>San Diego</city><adminArea>California</adminArea><postCode>92123</postCode><country>US</country><eMailAdd>webmaster@sangis.org</eMailAdd></cntAddress><cntHours>8:00 AM - 4:00 PM Monday thru Friday</cntHours><cntInstr>webmaster@sangis.org</cntInstr></rpCntInfo><role><RoleCd value="005" /></role><displayName>SanGIS</displayName><rpIndName>Data Librarian</rpIndName><rpPosName>Data Librarian</rpPosName></distorCont><distorOrdPrc><ordInstr>Refer to SanGIS website (http://www.sangis.org/services/index.html) to obtain further information on mapping and data extraction services available from SanGIS.</ordInstr></distorOrdPrc></distributor><distTranOps><onLineSrc><orDesc>Downloadable as shapefile from http://www.sangis.org/download/index.html (as Address_APN) under the Address Category.</orDesc></onLineSrc><transSize Sync="TRUE">30.710</transSize></distTranOps><distFormat><formatName Sync="TRUE">Shapefile</formatName></distFormat></distInfo><dataIdInfo><idCitation><date><pubDate>2017-04-03T00:00:00</pubDate></date><citRespParty><rpOrgName>SanGIS</rpOrgName><role><RoleCd value="006" /></role></citRespParty><presForm><fgdcGeoform>vector digital data</fgdcGeoform><PresFormCd Sync="TRUE" value="005" /></presForm><resTitle Sync="TRUE">ADDRESS_APN</resTitle></idCitation><idAbs>SITUS address points within the County of San Diego with corresponding Assessor Parcel Number (APN). The dataset includes address fields, x y coordinates, US National Grid coordinates, address type, and placement location (e.g. structure or centroid) for each feature. These are SITUS addresses. That is, they refer to the officially assigned address for a tax parcel. They may not be the house or mailing address or the owner address of the property.Address points in this layer are derived from two sources: The County of San Diego's Assessor's Office Master Property Record (MPR) and address points provided to SanGIS by the addressing authority in each jurisdiction (18 cities and the County of San Diego). Not all jurisdictions provide address points to SanGIS. SanGIS attempts to eliminate duplicate points so that only one address-APN combination is present for each parcel (although there may be multiple addresses on the property). Priority is given to the SanGIS address point over the one derived from the MPR under the assumption that the points from the addressing authority of each jurisidiction is more current. Address point source is indicated in the ASOURCE field.SanGIS is in the process of updating address point locations to more accurately reflect the SITUS address. Where possible, address points are being located to the primary structure on the property. This is a long term, ongoing effort and many points have not yet been relocated. Address points are tagged with a placement location of 'Review' until they are reviewed and edited accordingly. The location of the address point is indicated in the PLACEMENT_LOCATION attribute. All points derived from the Assessor's MPR are placed at the centroid of the parcel.Refer to field descriptions under Resources for a full listing.</idAbs><idPurp>This dataset comprises SITUS address points (as opposed to owner or mailing addresses) for jurisdictions within the County of San Diego.  Addresses include the corresponding Assessor Parcel Number (APN), address type, placement location, and US National Grid (USNG) value.</idPurp><idCredit>SanGIS using legal recorded data provided by the County Assessors Office and addressing authorities from the 18 incorporated cities in the County.</idCredit><idStatus><ProgCd value="004" /></idStatus><idPoC><rpOrgName>SanGIS</rpOrgName><rpCntInfo><cntPhone><voiceNum>(858) 874-7000</voiceNum><faxNum>(858) 874-7002</faxNum></cntPhone><cntAddress addressType="both"><delPoint>5510 Overland Ave., Suite 230</delPoint><city>San Diego</city><adminArea>California</adminArea><postCode>92123</postCode><country>US</country><eMailAdd>webmaster@sangis.org</eMailAdd></cntAddress><cntHours>8:00 AM- 4:00 PM Monday thru Friday</cntHours><cntInstr>webmaster@sangis.org</cntInstr></rpCntInfo><role><RoleCd value="007" /></role><rpIndName>Operations Manager</rpIndName></idPoC><resMaint><maintFreq><MaintFreqCd value="003" /></maintFreq><dateNext>2014-08-29T00:00:00</dateNext></resMaint><themeKeys><keyword>Address, Assessor Parcel Number (APN), location, SITUS</keyword></themeKeys><searchKeys><keyword>Addresses</keyword><keyword>Parcel Address</keyword><keyword>SITUS Address</keyword><keyword>Assessor Parcel Number (APN)</keyword><keyword>San Diego County</keyword></searchKeys><resConst><LegConsts><useLimit>Please acknowledge SanGIS as a source when SanGIS data are used in the preparation of reports, papers, publications, maps, and other products. This file may not be copied and distributed unless given writen consent by SanGIS.</useLimit></LegConsts></resConst><resConst><Consts><useLimit>Data is generalized and created for use in regional projects. Please refer to SanGIS data end user use agreement and disclaimer which is available at the following: http://www.sangis.org/Legal_Notice.htm.The address layer is not expected to be a complete inventory of every address in the County. Data is available only as provided to SanGIS. Addresses are SITUS address points - not structure or owner or mailing addresses. Apartment addresses are not included. Most condominium and mobile home addresses are not resolved to the actual structure location.</useLimit></Consts></resConst><dataLang><languageCode value="eng" /><countryCode Sync="TRUE" value="USA" /></dataLang><dataExt><exDesc>Publication date</exDesc><tempEle><TempExtent><exTemp><TM_Instant><tmPosition date="unknown">2017-04-03T00:00:00</tmPosition></TM_Instant></exTemp></TempExtent></tempEle></dataExt><suppInfo>Please acknowledge SanGIS as a source when SanGIS data is used in the preparation of reports, papers, publications, maps, and other products.</suppInfo><dataExt><geoEle><GeoBndBox esriExtentType="search"><westBL Sync="TRUE">-117.592906</westBL><eastBL Sync="TRUE">-116.081303</eastBL><northBL Sync="TRUE">33.510378</northBL><southBL Sync="TRUE">32.530595</southBL><exTypeCode>1</exTypeCode></GeoBndBox></geoEle></dataExt><placeKeys><keyword>California, County of San Diego, Carlsbad, Coronado, Chula Vista, Del Mar, El Cajon, Encinitas, Escondido, Imperial Beach, Lemon Grove, La Mesa, National City, Oceanside, Poway, San Diego, San Marcos, Solana Beach, Santee, Vista</keyword></placeKeys><dataChar><CharSetCd value="004" /></dataChar><tpCat><TopicCatCd value="013" /></tpCat><tpCat><TopicCatCd value="015" /></tpCat><tpCat><TopicCatCd value="017" /></tpCat><envirDesc Sync="TRUE">Microsoft Windows Server 2008 R2 Version 6.1 (Build 7601) Service Pack 1; Esri ArcGIS 10.4.1.5686</envirDesc><spatRpType><SpatRepTypCd Sync="TRUE" value="001" /></spatRpType></dataIdInfo><dqInfo><dqScope><scpLvl><ScopeCd value="005" /></scpLvl></dqScope><report type="DQQuanAttAcc"><measDesc>+/- 10 Feet</measDesc></report><dataLineage><prcStep><stepDesc>Dataset moved.</stepDesc><stepSrc type="used"><srcCitatn><resAltTitle>X:\San_Diego_Data\SD_County_2000</resAltTitle></srcCitatn></stepSrc></prcStep></dataLineage></dqInfo><eainfo><detailed Name="ADDRESS_APN"><enttyp><enttypl Sync="TRUE">ADDRESS_APN</enttypl><enttypt Sync="TRUE">Feature Class</enttypt><enttypc Sync="TRUE">1150057</enttypc><enttypd>Address points with a corresponding Assessor Parcel Number (APN) for the County of San Diego, California, USA</enttypd><enttypds>SanGIS</enttypds></enttyp><attr><attrlabl Sync="TRUE">FID</attrlabl><attalias Sync="TRUE">FID</attalias><attrtype Sync="TRUE">OID</attrtype><attwidth Sync="TRUE">4</attwidth><atprecis Sync="TRUE">0</atprecis><attscale Sync="TRUE">0</attscale><attrdef Sync="TRUE">Internal feature number.</attrdef><attrdefs Sync="TRUE">Esri</attrdefs><attrdomv><udom Sync="TRUE">Sequential unique whole numbers that are automatically generated.</udom></attrdomv></attr><attr><attrlabl>ADDRUNIT</attrlabl><attrdef>Address unit number such as suite number,</attrdef><attrdefs>SanGIS</attrdefs><attalias Sync="TRUE">ADDRUNIT</attalias><attrtype Sync="TRUE">String</attrtype><attwidth Sync="TRUE">8</attwidth><atprecis Sync="TRUE">0</atprecis><attscale Sync="TRUE">0</attscale></attr><attr><attrlabl>ADDRFRAC</attrlabl><attrdef>Fractional portion of address number (e.g. 1/2)</attrdef><attrdefs>SanGIS</attrdefs><attalias Sync="TRUE">ADDRFRAC</attalias><attrtype Sync="TRUE">String</attrtype><attwidth Sync="TRUE">3</attwidth><atprecis Sync="TRUE">0</atprecis><attscale Sync="TRUE">0</attscale></attr><attr><attrlabl>Y_COORD</attrlabl><attrdef>Y or Northing coordinate, in feet, for address point placement location.  Coordinate system is California State Plane, NAD 83, Zone 6, US Survey Feet.</attrdef><attrdefs>SanGIS</attrdefs><attalias Sync="TRUE">Y_COORD</attalias><attrtype Sync="TRUE">Double</attrtype><attwidth Sync="TRUE">19</attwidth><atprecis Sync="TRUE">0</atprecis><attscale Sync="TRUE">0</attscale></attr><attr><attrlabl>APN</attrlabl><attrdef>Assessor Parcel Number (APN) - 10 digit</attrdef><attrdefs>SanGIS</attrdefs><attalias Sync="TRUE">APN</attalias><attrtype Sync="TRUE">String</attrtype><attwidth Sync="TRUE">10</attwidth><atprecis Sync="TRUE">0</atprecis><attscale Sync="TRUE">0</attscale></attr><attr><attrlabl>ADDRJUR</attrlabl><attrdef>Official address jurisdiction.  The incorporated area where the address is located.

Code; Jurisdiction
CB; Carlsbad
CN; County of San Diego (unincorporated area)
CO; Coronado
CV; Chula Vista
DM; Del Mar
EC; El Cajon
EN; Encinitas
ES; Escondido
IB; Imperial Beach
LG; Lemon Grove
LM; La Mesa
NC; National City
OC; Oceanside
PW; Poway
SD; San Diego
SM; San Marcos
SO; Solana Beach
ST; Santee
VS; Vista
</attrdef><attrdefs>SanGIS</attrdefs><attalias Sync="TRUE">ADDRJUR</attalias><attrtype Sync="TRUE">String</attrtype><attwidth Sync="TRUE">2</attwidth><atprecis Sync="TRUE">0</atprecis><attscale Sync="TRUE">0</attscale></attr><attr><attrlabl>Shape</attrlabl><attrdef>Feature geometry.</attrdef><attrdefs>ESRI</attrdefs><attrdomv><udom>Coordinates defining the features.</udom></attrdomv><attalias Sync="TRUE">Shape</attalias><attrtype Sync="TRUE">Geometry</attrtype><attwidth Sync="TRUE">0</attwidth><atprecis Sync="TRUE">0</atprecis><attscale Sync="TRUE">0</attscale></attr><attr><attrlabl>ADDRNAME</attrlabl><attrdef>Official street or road name as assigned by the jurisdiction in which the road segment is located.  Abbreviated to 30 characters if official road name (not including pre- and post-direction and suffix) is more than 30 characters long.</attrdef><attrdefs>SanGIS</attrdefs><attalias Sync="TRUE">ADDRNAME</attalias><attrtype Sync="TRUE">String</attrtype><attwidth Sync="TRUE">30</attwidth><atprecis Sync="TRUE">0</atprecis><attscale Sync="TRUE">0</attscale></attr><attr><attrlabl>USNG</attrlabl><attalias Sync="TRUE">USNG</attalias><attrtype Sync="TRUE">String</attrtype><attwidth Sync="TRUE">254</attwidth><atprecis Sync="TRUE">0</atprecis><attscale Sync="TRUE">0</attscale><attrdef>US National Grid full coordinate for actual point location.</attrdef><attrdefs>SanGIS</attrdefs></attr><attr><attrlabl>STATE</attrlabl><attalias Sync="TRUE">STATE</attalias><attrtype Sync="TRUE">String</attrtype><attwidth Sync="TRUE">2</attwidth><atprecis Sync="TRUE">0</atprecis><attscale Sync="TRUE">0</attscale><attrdef>Two letter state code for address location.  All points are SITUS addresses in San Diego County therefore the STATE code should always be CA.  Assigned this value for all points with ASOURCE = S.  For points with ASOURCE = M, value is from Assessor's Master Property Record.</attrdef><attrdefs>SanGIS</attrdefs></attr><attr><attrlabl>X_COORD</attrlabl><attrdef>X or Easting coordinate, in feet, for address point placement location.  Coordinate system is California State Plane, NAD 83, Zone 6, US Survey Feet.</attrdef><attrdefs>SanGIS</attrdefs><attalias Sync="TRUE">X_COORD</attalias><attrtype Sync="TRUE">Double</attrtype><attwidth Sync="TRUE">19</attwidth><atprecis Sync="TRUE">0</atprecis><attscale Sync="TRUE">0</attscale></attr><attr><attrlabl>ROADSEGID</attrlabl><attrdef>Unique key to road segment in ROADS_ALL (and other ROAD) layers.  The unique road segment that the address falls on.  Used to determine road name values.  Will always be blank or null for points with ASOURCE = M</attrdef><attrdefs>SanGIS</attrdefs><attalias Sync="TRUE">ROADSEGID</attalias><attrtype Sync="TRUE">Integer</attrtype><attwidth Sync="TRUE">10</attwidth><atprecis Sync="TRUE">10</atprecis><attscale Sync="TRUE">0</attscale></attr><attr><attrlabl>ADDRSFX</attrlabl><attrdef>Abbreviated street name suffix.  That is, the part of the road name that describes the type of street.  Four letter abbreviations are used according to the SanGIS standards manual as follows:

ALY: ALLEY
ARC: ARCADE
AVE: AVENUE
BP: BIKEPATH
BLVD: BOULEVARD
BRG: BRIDGE
BYP: BYPASS
CSWY: CAUSEWAY
CIR: CIRCLE
CTE: CORTE
CT: COURT
CV: COVE 
CRES: CRESCENT
XING: CROSSING
DR: DRIVE
DRWY: DRIVEWAY
EXPY: EXPRESSWAY
EXT: EXTENTION
FRY: FERRY
FWY: FREEWAY
GLEN: GLEN
HWY: HIGHWAY
INTR: INTERCHANGE
LN: LANE
LOOP: LOOP
MALL: MALL
PKY: PARKWAY
PASS: PASS
PATH: PATH
PL: PLACE
PLZ: PLAZA
PT: POINT
PTE: POINTE
RAMP: RAMP
RD: ROAD
ROW: ROW
SQ: SQUARE
ST: STREET
TER: TERRACE
TRL: TRAIL
TKTL: TRUCKTRAIL
WALK: WALK
WAY: WAY</attrdef><attrdefs>SanGIS</attrdefs><attalias Sync="TRUE">ADDRSFX</attalias><attrtype Sync="TRUE">String</attrtype><attwidth Sync="TRUE">4</attwidth><atprecis Sync="TRUE">0</atprecis><attscale Sync="TRUE">0</attscale></attr><attr><attrlabl>ADDRPOSTD</attrlabl><attalias Sync="TRUE">ADDRPOSTD</attalias><attrtype Sync="TRUE">String</attrtype><attwidth Sync="TRUE">2</attwidth><atprecis Sync="TRUE">0</atprecis><attscale Sync="TRUE">0</attscale><attrdef>Post direction of the road.  That is, the direction following the road name.
N: North
NE: Northwest
NW: Northwest
S: South
SE: Southeast
SW: Southwest
E: East
W: West</attrdef><attrdefs>SanGIS</attrdefs></attr><attr><attrlabl>ADDRPDIR</attrlabl><attrdef>Pre-direction of the road.  That is, the direction preceeding the road name.
N: North
NE: Northwest
NW: Northwest
S: South
SE: Southeast
SW: Southwest
E: East
W: West</attrdef><attrdefs>SanGIS</attrdefs><attalias Sync="TRUE">ADDRPDIR</attalias><attrtype Sync="TRUE">String</attrtype><attwidth Sync="TRUE">2</attwidth><atprecis Sync="TRUE">0</atprecis><attscale Sync="TRUE">0</attscale></attr><attr><attrlabl>ADDRNMBR</attrlabl><attrdef>Address street number of the property.</attrdef><attrdefs>SanGIS</attrdefs><attalias Sync="TRUE">ADDRNMBR</attalias><attrtype Sync="TRUE">Double</attrtype><attwidth Sync="TRUE">19</attwidth><atprecis Sync="TRUE">0</atprecis><attscale Sync="TRUE">0</attscale></attr><attr><attrlabl>ASOURCE</attrlabl><attrdef>Address source code Domain
Code; Description
M; Assessor Master Property Record
S; SanGIS
</attrdef><attrdefs>SanGIS</attrdefs><attalias Sync="TRUE">ASOURCE</attalias><attrtype Sync="TRUE">String</attrtype><attwidth Sync="TRUE">1</attwidth><atprecis Sync="TRUE">0</atprecis><attscale Sync="TRUE">0</attscale></attr><attr><attrlabl>ADDRZIP</attrlabl><attrdef>Address ZIP code.  For points with ASOURCE = S this value is derived from an overlay of the ZIPCODE layers.  For points with ASOURCE = M the value is from the Assessor's Master Property Record.</attrdef><attrdefs>SanGIS</attrdefs><attalias Sync="TRUE">ADDRZIP</attalias><attrtype Sync="TRUE">String</attrtype><attwidth Sync="TRUE">5</attwidth><atprecis Sync="TRUE">0</atprecis><attscale Sync="TRUE">0</attscale></attr><attr><attrlabl>COMMUNITY</attrlabl><attalias Sync="TRUE">COMMUNITY</attalias><attrtype Sync="TRUE">String</attrtype><attwidth Sync="TRUE">20</attwidth><atprecis Sync="TRUE">0</atprecis><attscale Sync="TRUE">0</attscale><attrdefs>SanGIS</attrdefs><attrdef>The common (but not necessarily the official) name of the community encompassed by the given zip code.  The name of the post office associated with the given zip code.  For points with ASOURCE = S, this is retrieved from the post office name in the ZIPCODE layer.  For ASOURCE = M points the name comes from the Master Property Recrod. </attrdef></attr><attr><attrlabl Sync="TRUE">PLACEMENT_</attrlabl><attalias Sync="TRUE">PLACEMENT_</attalias><attrtype Sync="TRUE">String</attrtype><attwidth Sync="TRUE">1</attwidth><atprecis Sync="TRUE">0</atprecis><attscale Sync="TRUE">0</attscale><attrdef>PLACEMENT_LOCATION
Placement location domain.
Code; Description
S; Structure
E; Entrance
C; Centroid
U; Unknown
R; Review

NOTE:  Points are shown with code = R until they have been visually checked for placement location.  Most points with code = R are at parcel centroid until moved.

All points with ASOURCE = M will be located at parcel centroids.</attrdef><attrdefs>SanGIS</attrdefs></attr><attr><attrlabl Sync="TRUE">PARCELID</attrlabl><attalias Sync="TRUE">PARCELID</attalias><attrtype Sync="TRUE">Integer</attrtype><attwidth Sync="TRUE">10</attwidth><atprecis Sync="TRUE">10</atprecis><attscale Sync="TRUE">0</attscale></attr><attr><attrlabl Sync="TRUE">ADDRESS_TY</attrlabl><attalias Sync="TRUE">ADDRESS_TY</attalias><attrtype Sync="TRUE">String</attrtype><attwidth Sync="TRUE">1</attwidth><atprecis Sync="TRUE">0</atprecis><attscale Sync="TRUE">0</attscale><attrdef>ADDRESS_TYPE
Address Type Domain
Code; Description
A; ATM, Automatic Teller Machine
B; Comfort Station
C; Cable TV
D; SD Unified Port Dist Tidelands
E; Elec. Meter, Pedestal, Temp Sv
F; Parks and Recreation
G; Federal Property, Caltrans
H; Fire Department
I; Irrigation System; Meter
J; County Property
K; Kiosk
L; Stop Light, Street Light
M; State Property, Caltrans
P; Pacbel Equip, Sub Station, etc
Q; Police Department
R; Retaining Wall, Crib Wall
S; Sign
T; Pole, Telephone, Meter, Power
V; Other City Departments
X; Alias Address
</attrdef><attrdefs>SanGIS</attrdefs></attr></detailed><overview><eaover>This dataset contains address points within the County of San Diego. This dataset is under constant revision. The key field is Assessor Parcel Number (APN).  Other key attributes are (see individual attribute definitions for further details):  Placement_Location (Structure, Entrance, Centroid, Unknown, Review), Address_Type (e.g. Alias Address, Pole/Telephone/Meter/Power, State Property - this field is currently under development).  

Address are provided in separate fields by five major address parts:  Number, pre-direction, street name, street type, post-direction</eaover><eadetcit>Additional information, if available, can be found on the SanGIS web site Documents\Policies page (http://www.sangis.org/documents/policies.html)</eadetcit></overview></eainfo><mdHrLvName Sync="TRUE">dataset</mdHrLvName><refSysInfo><RefSystem><refSysID><identCode Sync="TRUE" code="2230" /><idCodeSpace Sync="TRUE">EPSG</idCodeSpace><idVersion Sync="TRUE">5.3(9.0.0)</idVersion></refSysID></RefSystem></refSysInfo><spatRepInfo><VectSpatRep><geometObjs Name="ADDRESS_APN"><geoObjTyp><GeoObjTypCd Sync="TRUE" value="004" /></geoObjTyp><geoObjCnt Sync="TRUE">1150057</geoObjCnt></geometObjs><topLvl><TopoLevCd Sync="TRUE" value="001" /></topLvl></VectSpatRep></spatRepInfo><spdoinfo><ptvctinf><esriterm Name="ADDRESS_APN"><efeatyp Sync="TRUE">Simple</efeatyp><efeageom Sync="TRUE" code="1" /><esritopo Sync="TRUE">FALSE</esritopo><efeacnt Sync="TRUE">1150057</efeacnt><spindex Sync="TRUE">TRUE</spindex><linrefer Sync="TRUE">FALSE</linrefer></esriterm></ptvctinf></spdoinfo><mdDateSt Sync="TRUE">20170403</mdDateSt></metadata>